{"Salmon": {"y": ["Japanese", "American", "Thai", "French", "Moroccan", "Greek", "Irish", "Indian", "Swedish", "English", "Spanish", "Cuban", "Hawaiian", "Mexican", "Italian", "Hungarian", "Chinese", "Portuguese", "German"], "x": [10.99899091826438, 4.5, 2.127659574468085, 1.9230769230769231, 1.5090543259557343, 1.5045135406218655, 1.1904761904761905, 1.0030090270812437, 0.9259259259259258, 0.8016032064128256, 0.7299270072992701, 0.6868131868131868, 0.6476683937823834, 0.40774719673802245, 0.4028197381671702, 0.16666666666666669, 0.10030090270812438, 0.0, 0.0]}, "Tuna": {"y": ["Japanese", "French", "Portuguese", "Spanish", "American", "English", "Hawaiian", "Italian", "Moroccan", "Cuban", "Indian", "Mexican", "Greek", "Hungarian", "German", "Swedish", "Irish", "Chinese", "Thai"], "x": [1.6145307769929365, 1.1133603238866396, 1.0204081632653061, 0.7299270072992701, 0.7000000000000001, 0.501002004008016, 0.38860103626943004, 0.3021148036253776, 0.30181086519114686, 0.27472527472527475, 0.20060180541624875, 0.10193679918450561, 0.10030090270812438, 0.0, 0.0, 0.0, 0.0, 0.0, 0.0]}, "Chicken": {"y": ["Spanish", "Thai", "Chinese", "Hawaiian", "Moroccan", "Mexican", "Hungarian", "Indian", "Greek", "French", "Japanese", "American", "Portuguese", "Cuban", "Italian", "German", "English", "Swedish", "Irish"], "x": [51.72054223149114, 51.57041540020263, 51.15346038114343, 47.66839378238342, 45.67404426559356, 43.22120285423038, 38.83333333333333, 38.81644934804413, 38.214643931795386, 37.75303643724696, 30.978809283551968, 28.299999999999997, 27.89115646258503, 25.686813186813183, 24.773413897280967, 15.245737211634905, 11.723446893787576, 10.0, 9.523809523809524]}, "Turkey": {"y": ["American", "Greek", "Swedish", "Hawaiian", "Mexican", "German", "Thai", "Portuguese", "Italian", "Hungarian", "Moroccan", "English", "Cuban", "Spanish", "French", "Japanese", "Chinese", "Indian", "Irish"], "x": [9.0, 6.218655967903711, 6.111111111111111, 3.2383419689119166, 3.058103975535168, 2.6078234704112337, 2.127659574468085, 2.0408163265306123, 1.9133937562940584, 1.6666666666666667, 1.4084507042253522, 1.402805611222445, 1.3736263736263736, 0.9384775808133473, 0.708502024291498, 0.7063572149344097, 0.6018054162487462, 0.5015045135406219, 0.26455026455026454]}, "Duck": {"y": ["French", "American", "German", "Thai", "Chinese", "Spanish", "Japanese", "English", "Hawaiian", "Italian", "Moroccan", "Mexican", "Irish", "Swedish", "Hungarian", "Greek", "Portuguese", "Cuban", "Indian"], "x": [4.352226720647773, 1.5, 0.6018054162487462, 0.5065856129685917, 0.5015045135406219, 0.31282586027111575, 0.20181634712411706, 0.2004008016032064, 0.1295336787564767, 0.10070493454179255, 0.0, 0.0, 0.0, 0.0, 0.0, 0.0, 0.0, 0.0, 0.0]}, "Lamb": {"y": ["Moroccan", "Greek", "Irish", "Indian", "English", "American", "French", "Spanish", "Swedish", "Portuguese", "Chinese", "German", "Hawaiian", "Cuban", "Thai", "Japanese", "Italian", "Mexican", "Hungarian"], "x": [18.410462776659962, 17.753259779338016, 17.724867724867725, 4.513540621865597, 3.807615230460922, 2.0, 1.5182186234817814, 1.3555787278415017, 0.9259259259259258, 0.6802721088435374, 0.4012036108324975, 0.3009027081243731, 0.2590673575129534, 0.13736263736263737, 0.10131712259371835, 0.10090817356205853, 0.0, 0.0, 0.0]}, "Beef": {"y": ["Swedish", "Irish", "English", "Hungarian", "German", "Mexican", "French", "Cuban", "Italian", "Portuguese", "Moroccan", "Greek", "American", "Hawaiian", "Japanese", "Chinese", "Spanish", "Thai", "Indian"], "x": [78.14814814814814, 67.5925925925926, 47.99599198396793, 33.5, 23.8716148445336, 21.712538226299692, 17.00404858299595, 14.835164835164836, 13.494461228600201, 10.884353741496598, 10.56338028169014, 10.330992978936811, 10.100000000000001, 9.71502590673575, 9.687184661957618, 5.917753259779338, 5.526590198123045, 4.25531914893617, 2.206619859578736]}, "Pork": {"y": ["Swedish", "Cuban", "German", "Chinese", "Portuguese", "Hungarian", "Hawaiian", "Japanese", "American", "English", "Mexican", "Spanish", "Thai", "French", "Greek", "Irish", "Italian", "Moroccan", "Indian"], "x": [40.0, 34.89010989010989, 25.67703109327984, 18.756268806419257, 13.60544217687075, 13.166666666666666, 12.953367875647666, 11.806256306760847, 11.200000000000001, 9.318637274549097, 7.543323139653414, 6.047966631908238, 5.673758865248227, 4.8582995951417, 3.711133400200602, 3.7037037037037033, 1.9133937562940584, 1.710261569416499, 0.9027081243731194]}, "Bacon": {"y": ["French", "German", "Irish", "Hungarian", "Hawaiian", "English", "American", "Portuguese", "Cuban", "Italian", "Swedish", "Spanish", "Mexican", "Japanese", "Chinese", "Greek", "Thai", "Moroccan", "Indian"], "x": [18.62348178137652, 16.24874623871615, 10.317460317460316, 8.0, 7.253886010362693, 6.212424849699398, 5.3, 4.421768707482993, 2.8846153846153846, 2.8197381671701915, 2.037037037037037, 1.1470281543274243, 0.9174311926605505, 0.8072653884964682, 0.4012036108324975, 0.3009027081243731, 0.10131712259371835, 0.0, 0.0]}}